{
  "Workflows": [
    {
      "Path": null,
      "SortBy": 0,
      "VariablesSectionElementsOrder": [],
      "ArgumentsSectionElementsOrder": null,
      "ConstantsSectionElementsOrder": [],
      "AddedNamespaces": null
    },
    {
      "Path": "Main.xaml",
      "SortBy": 0,
      "VariablesSectionElementsOrder": [],
      "ArgumentsSectionElementsOrder": [],
      "ConstantsSectionElementsOrder": [],
      "AddedNamespaces": null
    },
    {
      "Path": "ActiveDirectory/Users/Search/GetSingleAttributeBaseToken-User.xaml",
      "SortBy": 0,
      "VariablesSectionElementsOrder": [
        "ObjectCategory&Sequence_2",
        "ObjectClass&Sequence_2",
        "listOfResults&Sequence_2",
        "resultVal&Sequence_2"
      ],
      "ArgumentsSectionElementsOrder": [
        "in_PropertyKey",
        "in_OULocation",
        "in_TargetObject",
        "in_PropertyValue",
        "out_Result",
        "out_BusinessException",
        "out_SystemException"
      ],
      "ConstantsSectionElementsOrder": [],
      "AddedNamespaces": null
    },
    {
      "Path": "ActiveDirectory/Users/Search/GetAllAttributeBaseToken-User.xaml",
      "SortBy": 0,
      "VariablesSectionElementsOrder": [
        "listOfResults&Sequence_2",
        "ObjectClass&Sequence_2",
        "ObjectCategory&Sequence_2"
      ],
      "ArgumentsSectionElementsOrder": [
        "in_PropertyValue",
        "out_Result",
        "out_BusinessException",
        "out_SystemException",
        "in_OULocation",
        "in_PropertyKey"
      ],
      "ConstantsSectionElementsOrder": [],
      "AddedNamespaces": null
    },
    {
      "Path": "ActiveDirectory/Users/Create/Create-User.xaml",
      "SortBy": 0,
      "VariablesSectionElementsOrder": [
        "isGroupExist&Sequence_130",
        "outNewUserDistName&Sequence_48",
        "TargetSAMName&Sequence_38",
        "listOfNotUniqueFeilds&Sequence_113",
        "listOfMatchingDNUsers&Sequence_122",
        "userObjectCategory&Sequence_2",
        "userObjectClass&Sequence_2",
        "propertiesOfUniqueDT&Sequence_113",
        "isSAMExist&Sequence_2",
        "Properties&Sequence_2",
        "GroupsDNs&Sequence_2",
        "UserDN&Sequence_2",
        "ListOfInvalidGroups&Sequence_2",
        "ListOfValidGroups&Sequence_38",
        "isUserExist&Sequence_113",
        "isGroupExist&Sequence_100"
      ],
      "ArgumentsSectionElementsOrder": [
        "out_UserAttributes",
        "in_DicOfInputs",
        "out_BusinessException",
        "out_SystemException"
      ],
      "ConstantsSectionElementsOrder": [],
      "AddedNamespaces": null
    },
    {
      "Path": "ActiveDirectory/Users/Manipulations/ChangePassword-User.xaml",
      "SortBy": 0,
      "VariablesSectionElementsOrder": [
        "listOfFoundDNs&Sequence_38",
        "UserLocation&Sequence_2",
        "userObjectClass&Sequence_2",
        "userObjectCategory&Sequence_2"
      ],
      "ArgumentsSectionElementsOrder": [
        "out_BusinessException",
        "out_SystemException",
        "in_DicOfInputs"
      ],
      "ConstantsSectionElementsOrder": [],
      "AddedNamespaces": null
    },
    {
      "Path": "ActiveDirectory/Users/Create/AddUserToGroups-User.xaml",
      "SortBy": 0,
      "VariablesSectionElementsOrder": [
        "ListOfValidGroups&Sequence_122",
        "ListOfInvalidGroups&Sequence_122",
        "isGroupExist&Sequence_121",
        "isGroupExist&Sequence_120",
        "GroupsDNs&Sequence_2",
        "UserLocation&Sequence_2",
        "userObjectClass&Sequence_2",
        "userObjectCategory&Sequence_2",
        "listOfFoundDNs&Sequence_38"
      ],
      "ArgumentsSectionElementsOrder": [
        "out_BusinessException",
        "out_SystemException",
        "in_DicOfInputs"
      ],
      "ConstantsSectionElementsOrder": [],
      "AddedNamespaces": null
    },
    {
      "Path": "ActiveDirectory/Users/Delete/Delete-User.xaml",
      "SortBy": 0,
      "VariablesSectionElementsOrder": [
        "listOfFoundDNs&Sequence_38",
        "UserLocation&Sequence_2",
        "userObjectClass&Sequence_2",
        "userObjectCategory&Sequence_2",
        "ListOfValidGroups&Sequence_38",
        "TargetSAMName&Sequence_38"
      ],
      "ArgumentsSectionElementsOrder": [
        "out_BusinessException",
        "out_SystemException",
        "in_DicOfInputs",
        "out_UserAttributes"
      ],
      "ConstantsSectionElementsOrder": [],
      "AddedNamespaces": null
    },
    {
      "Path": "ActiveDirectory/Users/Update/Move-User.xaml",
      "SortBy": 0,
      "VariablesSectionElementsOrder": [
        "NewUserLocation&Sequence_2",
        "UserLocation&Sequence_2",
        "userObjectClass&Sequence_2",
        "userObjectCategory&Sequence_2",
        "ListOfValidGroups&Sequence_38",
        "TargetSAMName&Sequence_38",
        "listOfFoundDNs&Sequence_38"
      ],
      "ArgumentsSectionElementsOrder": [
        "out_BusinessException",
        "out_SystemException",
        "in_DicOfInputs",
        "out_UserAttributes"
      ],
      "ConstantsSectionElementsOrder": [],
      "AddedNamespaces": null
    }
  ]
}