{
  "DisplayName": "Exchange-EnableMailBox",
  "Tooltip": null,
  "HelpLink": null,
  "Color": null,
  "OriginalIconFileName": null,
  "Arguments": [
    {
      "Name": "Command",
      "DisplayName": "Command",
      "Category": null,
      "Tooltip": "Power shell input text",
      "Placeholder": null,
      "Widget": null,
      "IsRequired": false,
      "IsPrincipal": true,
      "DataSourceItems": null
    },
    {
      "Name": "SuccessToken",
      "DisplayName": "SuccessToken",
      "Category": null,
      "Tooltip": "Success token indication [the output result from the script should includes this token(s) to pass else Business Exception will be thrown]",
      "Placeholder": null,
      "Widget": null,
      "IsRequired": false,
      "IsPrincipal": true,
      "DataSourceItems": null
    },
    {
      "Name": "CaseSensitive",
      "DisplayName": "CaseSensitive",
      "Category": null,
      "Tooltip": "Match excatly success tokens with power shell result",
      "Placeholder": null,
      "Widget": null,
      "IsRequired": false,
      "IsPrincipal": true,
      "DataSourceItems": null
    },
    {
      "Name": "Result",
      "DisplayName": "Result",
      "Category": null,
      "Tooltip": "Power shell output results",
      "Placeholder": null,
      "Widget": null,
      "IsRequired": false,
      "IsPrincipal": true,
      "DataSourceItems": null
    }
  ]
}