{
  "Workflows": [
    {
      "Path": null,
      "SortBy": 0,
      "VariablesSectionElementsOrder": [],
      "ArgumentsSectionElementsOrder": null,
      "ConstantsSectionElementsOrder": null,
      "AddedNamespaces": null
    },
    {
      "Path": "PowerShellExecute.xaml",
      "SortBy": 0,
      "VariablesSectionElementsOrder": [
        "ListOfNotFoundTokens&Sequence_25",
        "PSResults&Sequence_12",
        "SystemException&Sequence_12"
      ],
      "ArgumentsSectionElementsOrder": [
        "Command",
        "SuccessToken",
        "CaseSensitive",
        "Result"
      ],
      "ConstantsSectionElementsOrder": null,
      "AddedNamespaces": null
    }
  ]
}